Pos;Participant;Points;Number;NAME;SURNAME;COUNTRY;TEAM;MANUFACTURER;CLASS;Sonoma Raceway_Race 1_Points;Sonoma Raceway_Race 1_PolePoints;Sonoma Raceway_Race 1_FastestLapPoints;Sonoma Raceway_Race 1_Extra 1;Sonoma Raceway_Race 1_Extra 2;Sonoma Raceway_Race 1_TotalExtraPoints;Sonoma Raceway_Race 1_Status;Sonoma Raceway_Race 1_ExtraParticipationPoints;Sonoma Raceway_Race 1_ExtraParticipationPointsAreInvalid;Sonoma Raceway_Race 1_ExtraNotStartedPoints;Sonoma Raceway_Race 1_ExtraNotStartedPointsAreInvalid;Sonoma Raceway_Race 1_ExtraNotClassifiedPoints;Sonoma Raceway_Race 1_ExtraNotClassifiedPointsAreInvalid;Sonoma Raceway_Race 2_Points;Sonoma Raceway_Race 2_PolePoints;Sonoma Raceway_Race 2_FastestLapPoints;Sonoma Raceway_Race 2_Extra 1;Sonoma Raceway_Race 2_Extra 2;Sonoma Raceway_Race 2_TotalExtraPoints;Sonoma Raceway_Race 2_Status;Sonoma Raceway_Race 2_ExtraParticipationPoints;Sonoma Raceway_Race 2_ExtraParticipationPointsAreInvalid;Sonoma Raceway_Race 2_ExtraNotStartedPoints;Sonoma Raceway_Race 2_ExtraNotStartedPointsAreInvalid;Sonoma Raceway_Race 2_ExtraNotClassifiedPoints;Sonoma Raceway_Race 2_ExtraNotClassifiedPointsAreInvalid;COTA_Race 1_Points;COTA_Race 1_PolePoints;COTA_Race 1_FastestLapPoints;COTA_Race 1_Extra 1;COTA_Race 1_Extra 2;COTA_Race 1_TotalExtraPoints;COTA_Race 1_Status;COTA_Race 1_ExtraParticipationPoints;COTA_Race 1_ExtraParticipationPointsAreInvalid;COTA_Race 1_ExtraNotStartedPoints;COTA_Race 1_ExtraNotStartedPointsAreInvalid;COTA_Race 1_ExtraNotClassifiedPoints;COTA_Race 1_ExtraNotClassifiedPointsAreInvalid;COTA_Race 2_Points;COTA_Race 2_PolePoints;COTA_Race 2_FastestLapPoints;COTA_Race 2_Extra 1;COTA_Race 2_Extra 2;COTA_Race 2_TotalExtraPoints;COTA_Race 2_Status;COTA_Race 2_ExtraParticipationPoints;COTA_Race 2_ExtraParticipationPointsAreInvalid;COTA_Race 2_ExtraNotStartedPoints;COTA_Race 2_ExtraNotStartedPointsAreInvalid;COTA_Race 2_ExtraNotClassifiedPoints;COTA_Race 2_ExtraNotClassifiedPointsAreInvalid;Sebring_Race 1_Points;Sebring_Race 1_PolePoints;Sebring_Race 1_FastestLapPoints;Sebring_Race 1_Extra 1;Sebring_Race 1_Extra 2;Sebring_Race 1_TotalExtraPoints;Sebring_Race 1_Status;Sebring_Race 1_ExtraParticipationPoints;Sebring_Race 1_ExtraParticipationPointsAreInvalid;Sebring_Race 1_ExtraNotStartedPoints;Sebring_Race 1_ExtraNotStartedPointsAreInvalid;Sebring_Race 1_ExtraNotClassifiedPoints;Sebring_Race 1_ExtraNotClassifiedPointsAreInvalid;Sebring_Race 2_Points;Sebring_Race 2_PolePoints;Sebring_Race 2_FastestLapPoints;Sebring_Race 2_Extra 1;Sebring_Race 2_Extra 2;Sebring_Race 2_TotalExtraPoints;Sebring_Race 2_Status;Sebring_Race 2_ExtraParticipationPoints;Sebring_Race 2_ExtraParticipationPointsAreInvalid;Sebring_Race 2_ExtraNotStartedPoints;Sebring_Race 2_ExtraNotStartedPointsAreInvalid;Sebring_Race 2_ExtraNotClassifiedPoints;Sebring_Race 2_ExtraNotClassifiedPointsAreInvalid;VIR_Race 1_Points;VIR_Race 1_PolePoints;VIR_Race 1_FastestLapPoints;VIR_Race 1_Extra 1;VIR_Race 1_Extra 2;VIR_Race 1_TotalExtraPoints;VIR_Race 1_Status;VIR_Race 1_ExtraParticipationPoints;VIR_Race 1_ExtraParticipationPointsAreInvalid;VIR_Race 1_ExtraNotStartedPoints;VIR_Race 1_ExtraNotStartedPointsAreInvalid;VIR_Race 1_ExtraNotClassifiedPoints;VIR_Race 1_ExtraNotClassifiedPointsAreInvalid;VIR_Race 2_Points;VIR_Race 2_PolePoints;VIR_Race 2_FastestLapPoints;VIR_Race 2_Extra 1;VIR_Race 2_Extra 2;VIR_Race 2_TotalExtraPoints;VIR_Race 2_Status;VIR_Race 2_ExtraParticipationPoints;VIR_Race 2_ExtraParticipationPointsAreInvalid;VIR_Race 2_ExtraNotStartedPoints;VIR_Race 2_ExtraNotStartedPointsAreInvalid;VIR_Race 2_ExtraNotClassifiedPoints;VIR_Race 2_ExtraNotClassifiedPointsAreInvalid;Road America_Race 1_Points;Road America_Race 1_PolePoints;Road America_Race 1_FastestLapPoints;Road America_Race 1_Extra 1;Road America_Race 1_Extra 2;Road America_Race 1_TotalExtraPoints;Road America_Race 1_Status;Road America_Race 1_ExtraParticipationPoints;Road America_Race 1_ExtraParticipationPointsAreInvalid;Road America_Race 1_ExtraNotStartedPoints;Road America_Race 1_ExtraNotStartedPointsAreInvalid;Road America_Race 1_ExtraNotClassifiedPoints;Road America_Race 1_ExtraNotClassifiedPointsAreInvalid;Road America_Race 2_Points;Road America_Race 2_PolePoints;Road America_Race 2_FastestLapPoints;Road America_Race 2_Extra 1;Road America_Race 2_Extra 2;Road America_Race 2_TotalExtraPoints;Road America_Race 2_Status;Road America_Race 2_ExtraParticipationPoints;Road America_Race 2_ExtraParticipationPointsAreInvalid;Road America_Race 2_ExtraNotStartedPoints;Road America_Race 2_ExtraNotStartedPointsAreInvalid;Road America_Race 2_ExtraNotClassifiedPoints;Road America_Race 2_ExtraNotClassifiedPointsAreInvalid;Barber_Race 1_Points;Barber_Race 1_PolePoints;Barber_Race 1_FastestLapPoints;Barber_Race 1_Extra 1;Barber_Race 1_Extra 2;Barber_Race 1_TotalExtraPoints;Barber_Race 1_Status;Barber_Race 1_ExtraParticipationPoints;Barber_Race 1_ExtraParticipationPointsAreInvalid;Barber_Race 1_ExtraNotStartedPoints;Barber_Race 1_ExtraNotStartedPointsAreInvalid;Barber_Race 1_ExtraNotClassifiedPoints;Barber_Race 1_ExtraNotClassifiedPointsAreInvalid;Barber_Race 2_Points;Barber_Race 2_PolePoints;Barber_Race 2_FastestLapPoints;Barber_Race 2_Extra 1;Barber_Race 2_Extra 2;Barber_Race 2_TotalExtraPoints;Barber_Race 2_Status;Barber_Race 2_ExtraParticipationPoints;Barber_Race 2_ExtraParticipationPointsAreInvalid;Barber_Race 2_ExtraNotStartedPoints;Barber_Race 2_ExtraNotStartedPointsAreInvalid;Barber_Race 2_ExtraNotClassifiedPoints;Barber_Race 2_ExtraNotClassifiedPointsAreInvalid;Indy_Race 1_Points;Indy_Race 1_PolePoints;Indy_Race 1_FastestLapPoints;Indy_Race 1_Extra 1;Indy_Race 1_Extra 2;Indy_Race 1_TotalExtraPoints;Indy_Race 1_Status;Indy_Race 1_ExtraParticipationPoints;Indy_Race 1_ExtraParticipationPointsAreInvalid;Indy_Race 1_ExtraNotStartedPoints;Indy_Race 1_ExtraNotStartedPointsAreInvalid;Indy_Race 1_ExtraNotClassifiedPoints;Indy_Race 1_ExtraNotClassifiedPointsAreInvalid;Indy_Race 2_Points;Indy_Race 2_PolePoints;Indy_Race 2_FastestLapPoints;Indy_Race 2_Extra 1;Indy_Race 2_Extra 2;Indy_Race 2_TotalExtraPoints;Indy_Race 2_Status;Indy_Race 2_ExtraParticipationPoints;Indy_Race 2_ExtraParticipationPointsAreInvalid;Indy_Race 2_ExtraNotStartedPoints;Indy_Race 2_ExtraNotStartedPointsAreInvalid;Indy_Race 2_ExtraNotClassifiedPoints;Indy_Race 2_ExtraNotClassifiedPointsAreInvalid;
1;Westin Workman;264;13;Westin;Workman;USA;BSI Racing;Toyota Gazoo Racing;Am;18;0;0;0;0;0;;0;0;0;0;0;0;15;0;0;0;0;0;;0;0;0;0;0;0;8;0;0;0;0;0;;0;0;0;0;0;0;18;0;0;0;0;0;;0;0;0;0;0;0;25;0;0;0;0;0;;0;0;0;0;0;0;25;0;0;0;0;0;;0;0;0;0;0;0;15;0;0;0;0;0;;0;0;0;0;0;0;25;0;0;0;0;0;;0;0;0;0;0;0;15;0;0;0;0;0;;0;0;0;0;0;0;10;0;0;0;0;0;;0;0;0;0;0;0;25;0;0;0;0;0;;0;0;0;0;0;0;25;0;0;0;0;0;;0;0;0;0;0;0;15;0;0;0;0;0;;0;0;0;0;0;0;25;0;0;0;0;0;;0;0;0;0;0;0;
2;Jaxon Bell;156;7;Jaxon;Bell;USA;Copeland Motorsports;Toyota Gazoo Racing;Am;;0;0;0;0;0;;0;0;0;0;0;0;18;0;0;0;0;0;;0;0;0;0;0;0;18;0;0;0;0;0;;0;0;0;0;0;0;25;0;0;0;0;0;;0;0;0;0;0;0;15;0;0;0;0;0;;0;0;0;0;0;0;15;0;0;0;0;0;;0;0;0;0;0;0;12;0;0;0;0;0;;0;0;0;0;0;0;;0;0;0;0;0;;0;0;0;0;0;0;18;0;0;0;0;0;;0;0;0;0;0;0;12;0;0;0;0;0;;0;0;0;0;0;0;4;0;0;0;0;0;;0;0;0;0;0;0;4;0;0;0;0;0;;0;0;0;0;0;0;;0;0;0;0;0;;0;0;0;0;0;0;15;0;0;0;0;0;;0;0;0;0;0;0;
3;Spike Kohlbecker;155;55;Spike;Kohlbecker;USA;RVA Graphics Motorsports by Speed Syndicate;Toyota Gazoo Racing;Am;15;0;0;0;0;0;;0;0;0;0;0;0;6;0;0;0;0;0;;0;0;0;0;0;0;12;0;0;0;0;0;;0;0;0;0;0;0;8;0;0;0;0;0;;0;0;0;0;0;0;4;0;0;0;0;0;;0;0;0;0;0;0;2;0;0;0;0;0;;0;0;0;0;0;0;10;0;0;0;0;0;;0;0;0;0;0;0;;0;0;0;0;0;;0;0;0;0;0;0;25;0;0;0;0;0;;0;0;0;0;0;0;18;0;0;0;0;0;;0;0;0;0;0;0;12;0;0;0;0;0;;0;0;0;0;0;0;;0;0;0;0;0;;0;0;0;0;0;0;25;0;0;0;0;0;;0;0;0;0;0;0;18;0;0;0;0;0;;0;0;0;0;0;0;
4;Will Robusto;141;2;Will;Robusto;USA;RVA Graphics Motorsports by Speed Syndicate;Toyota Gazoo Racing;Am;12;0;0;0;0;0;;0;0;0;0;0;0;25;0;0;0;0;0;;0;0;0;0;0;0;;0;0;0;0;0;;0;0;0;0;0;0;;0;0;0;0;0;;0;0;0;0;0;0;6;0;0;0;0;0;;0;0;0;0;0;0;6;0;0;0;0;0;;0;0;0;0;0;0;4;0;0;0;0;0;;0;0;0;0;0;0;8;0;0;0;0;0;;0;0;0;0;0;0;;0;0;0;0;0;;0;0;0;0;0;0;25;0;0;0;0;0;;0;0;0;0;0;0;10;0;0;0;0;0;;0;0;0;0;0;0;15;0;0;0;0;0;;0;0;0;0;0;0;18;0;0;0;0;0;;0;0;0;0;0;0;12;0;0;0;0;0;;0;0;0;0;0;0;
5;Lucas Weisenberg;136;46;Lucas;Weisenberg;USA;Lucas Racing;Toyota Gazoo Racing;Am;25;0;0;0;0;0;;0;0;0;0;0;0;;0;0;0;0;0;;0;0;0;0;0;0;25;0;0;0;0;0;;0;0;0;0;0;0;4;0;0;0;0;0;;0;0;0;0;0;0;18;0;0;0;0;0;;0;0;0;0;0;0;8;0;0;0;0;0;;0;0;0;0;0;0;18;0;0;0;0;0;;0;0;0;0;0;0;12;0;0;0;0;0;;0;0;0;0;0;0;;0;0;0;0;0;;0;0;0;0;0;0;4;0;0;0;0;0;;0;0;0;0;0;0;;0;0;0;0;0;;0;0;0;0;0;0;10;0;0;0;0;0;;0;0;0;0;0;0;12;0;0;0;0;0;;0;0;0;0;0;0;;0;0;0;0;0;;0;0;0;0;0;0;
6;Ethan Goulart;126;72;Ethan;Goulart;USA;TechSport;Toyota Gazoo Racing;Am;;0;0;0;0;0;;0;0;0;0;0;0;12;0;0;0;0;0;;0;0;0;0;0;0;10;0;0;0;0;0;;0;0;0;0;0;0;6;0;0;0;0;0;;0;0;0;0;0;0;8;0;0;0;0;0;;0;0;0;0;0;0;18;0;0;0;0;0;;0;0;0;0;0;0;25;0;0;0;0;0;;0;0;0;0;0;0;18;0;0;0;0;0;;0;0;0;0;0;0;2;0;0;0;0;0;;0;0;0;0;0;0;;0;0;0;0;0;;0;0;0;0;0;0;15;0;0;0;0;0;;0;0;0;0;0;0;12;0;0;0;0;0;;0;0;0;0;0;0;;0;0;0;0;0;;0;0;0;0;0;0;;0;0;0;0;0;;0;0;0;0;0;0;
7;John Dean;64;16;John;Dean;USA;Copeland Motorsports;Toyota Gazoo Racing;Am;10;0;0;0;0;0;;0;0;0;0;0;0;;0;0;0;0;0;;0;0;0;0;0;0;15;0;0;0;0;0;;0;0;0;0;0;0;15;0;0;0;0;0;;0;0;0;0;0;0;12;0;0;0;0;0;;0;0;0;0;0;0;12;0;0;0;0;0;;0;0;0;0;0;0;/;0;0;0;0;0;/;0;0;0;0;0;0;/;0;0;0;0;0;/;0;0;0;0;0;0;/;0;0;0;0;0;/;0;0;0;0;0;0;/;0;0;0;0;0;/;0;0;0;0;0;0;/;0;0;0;0;0;/;0;0;0;0;0;0;/;0;0;0;0;0;/;0;0;0;0;0;0;/;0;0;0;0;0;/;0;0;0;0;0;0;/;0;0;0;0;0;/;0;0;0;0;0;0;
8;Max Schweid;62;98;Max;Schweid;USA;TechSport;Toyota Gazoo Racing;Am;8;0;0;0;0;0;;0;0;0;0;0;0;;0;0;0;0;0;;0;0;0;0;0;0;;0;0;0;0;0;;0;0;0;0;0;0;;0;0;0;0;0;;0;0;0;0;0;0;;0;0;0;0;0;;0;0;0;0;0;0;4;0;0;0;0;0;;0;0;0;0;0;0;;0;0;0;0;0;;0;0;0;0;0;0;10;0;0;0;0;0;;0;0;0;0;0;0;8;0;0;0;0;0;;0;0;0;0;0;0;15;0;0;0;0;0;;0;0;0;0;0;0;6;0;0;0;0;0;;0;0;0;0;0;0;;0;0;0;0;0;;0;0;0;0;0;0;10;0;0;0;0;0;;0;0;0;0;0;0;1;0;0;0;0;0;;0;0;0;0;0;0;
9;Ford Koch;52;21;Ford;Koch;USA;Copeland Motorsports;Toyota Gazoo Racing;Am;;0;0;0;0;0;;0;0;0;0;0;0;;0;0;0;0;0;;0;0;0;0;0;0;1;0;0;0;0;0;;0;0;0;0;0;0;12;0;0;0;0;0;;0;0;0;0;0;0;1;0;0;0;0;0;;0;0;0;0;0;0;;0;0;0;0;0;;0;0;0;0;0;0;8;0;0;0;0;0;;0;0;0;0;0;0;;0;0;0;0;0;;0;0;0;0;0;0;12;0;0;0;0;0;;0;0;0;0;0;0;;0;0;0;0;0;;0;0;0;0;0;0;;0;0;0;0;0;;0;0;0;0;0;0;6;0;0;0;0;0;;0;0;0;0;0;0;2;0;0;0;0;0;;0;0;0;0;0;0;10;0;0;0;0;0;;0;0;0;0;0;0;
10;Jeremy Fletcher;46;22;Jeremy;Fletcher;USA;Copeland Motorsports;Toyota Gazoo Racing;Am;/;0;0;0;0;0;/;0;0;0;0;0;0;/;0;0;0;0;0;/;0;0;0;0;0;0;/;0;0;0;0;0;/;0;0;0;0;0;0;/;0;0;0;0;0;/;0;0;0;0;0;0;/;0;0;0;0;0;/;0;0;0;0;0;0;/;0;0;0;0;0;/;0;0;0;0;0;0;/;0;0;0;0;0;/;0;0;0;0;0;0;/;0;0;0;0;0;/;0;0;0;0;0;0;6;0;0;0;0;0;;0;0;0;0;0;0;;0;0;0;0;0;;0;0;0;0;0;0;18;0;0;0;0;0;;0;0;0;0;0;0;18;0;0;0;0;0;;0;0;0;0;0;0;4;0;0;0;0;0;;0;0;0;0;0;0;;0;0;0;0;0;;0;0;0;0;0;0;
11;Parker DeLong;34;47;Parker;DeLong;USA;TechSport;Toyota Gazoo Racing;Am;/;0;0;0;0;0;/;0;0;0;0;0;0;/;0;0;0;0;0;/;0;0;0;0;0;0;/;0;0;0;0;0;/;0;0;0;0;0;0;/;0;0;0;0;0;/;0;0;0;0;0;0;/;0;0;0;0;0;/;0;0;0;0;0;0;/;0;0;0;0;0;/;0;0;0;0;0;0;/;0;0;0;0;0;/;0;0;0;0;0;0;/;0;0;0;0;0;/;0;0;0;0;0;0;10;0;0;0;0;0;;0;0;0;0;0;0;;0;0;0;0;0;;0;0;0;0;0;0;8;0;0;0;0;0;;0;0;0;0;0;0;8;0;0;0;0;0;;0;0;0;0;0;0;8;0;0;0;0;0;;0;0;0;0;0;0;;0;0;0;0;0;;0;0;0;0;0;0;
12;Christian Weir;32;71;Christian;Weir;USA;TechSport;Toyota Gazoo Racing;Am;4;0;0;0;0;0;;0;0;0;0;0;0;;0;0;0;0;0;;0;0;0;0;0;0;2;0;0;0;0;0;;0;0;0;0;0;0;10;0;0;0;0;0;;0;0;0;0;0;0;;0;0;0;0;0;;0;0;0;0;0;0;1;0;0;0;0;0;;0;0;0;0;0;0;;0;0;0;0;0;;0;0;0;0;0;0;15;0;0;0;0;0;;0;0;0;0;0;0;;0;0;0;0;0;;0;0;0;0;0;0;;0;0;0;0;0;;0;0;0;0;0;0;/;0;0;0;0;0;/;0;0;0;0;0;0;/;0;0;0;0;0;/;0;0;0;0;0;0;/;0;0;0;0;0;/;0;0;0;0;0;0;/;0;0;0;0;0;/;0;0;0;0;0;0;
13;Ethan Ayars;26;78;Ethan;Ayars;USA;Nitro Motorsports;Toyota Gazoo Racing;Am;;0;0;0;0;0;;0;0;0;0;0;0;;0;0;0;0;0;;0;0;0;0;0;0;6;0;0;0;0;0;;0;0;0;0;0;0;;0;0;0;0;0;;0;0;0;0;0;0;10;0;0;0;0;0;;0;0;0;0;0;0;10;0;0;0;0;0;;0;0;0;0;0;0;NS;0;0;0;0;0;NS;0;0;0;0;0;0;NS;0;0;0;0;0;NS;0;0;0;0;0;0;/;0;0;0;0;0;/;0;0;0;0;0;0;/;0;0;0;0;0;/;0;0;0;0;0;0;/;0;0;0;0;0;/;0;0;0;0;0;0;/;0;0;0;0;0;/;0;0;0;0;0;0;/;0;0;0;0;0;/;0;0;0;0;0;0;/;0;0;0;0;0;/;0;0;0;0;0;0;
14;Max Stallone;17;88;Max;Stallone;USA;PT Autosport with Copeland Motorsports;Toyota Gazoo Racing;Am;/;0;0;0;0;0;/;0;0;0;0;0;0;/;0;0;0;0;0;/;0;0;0;0;0;0;/;0;0;0;0;0;/;0;0;0;0;0;0;/;0;0;0;0;0;/;0;0;0;0;0;0;/;0;0;0;0;0;/;0;0;0;0;0;0;/;0;0;0;0;0;/;0;0;0;0;0;0;1;0;0;0;0;0;;0;0;0;0;0;0;4;0;0;0;0;0;;0;0;0;0;0;0;4;0;0;0;0;0;;0;0;0;0;0;0;6;0;0;0;0;0;;0;0;0;0;0;0;;0;0;0;0;0;;0;0;0;0;0;0;2;0;0;0;0;0;;0;0;0;0;0;0;/;0;0;0;0;0;/;0;0;0;0;0;0;/;0;0;0;0;0;/;0;0;0;0;0;0;
15;Ethan Tovo;16;113;Ethan;Tovo;USA;Nitro Motorsports;Toyota Gazoo Racing;Am;;0;0;0;0;0;;0;0;0;0;0;0;;0;0;0;0;0;;0;0;0;0;0;0;;0;0;0;0;0;;0;0;0;0;0;0;;0;0;0;0;0;;0;0;0;0;0;0;;0;0;0;0;0;;0;0;0;0;0;0;;0;0;0;0;0;;0;0;0;0;0;0;;0;0;0;0;0;;0;0;0;0;0;0;1;0;0;0;0;0;;0;0;0;0;0;0;;0;0;0;0;0;;0;0;0;0;0;0;8;0;0;0;0;0;;0;0;0;0;0;0;1;0;0;0;0;0;;0;0;0;0;0;0;;0;0;0;0;0;;0;0;0;0;0;0;6;0;0;0;0;0;;0;0;0;0;0;0;;0;0;0;0;0;;0;0;0;0;0;0;
16;Isabella Robusto;15;111;Isabella;Robusto;USA;RVA Graphics Motorsports by Speed Syndicate;Toyota Gazoo Racing;Am;/;0;0;0;0;0;/;0;0;0;0;0;0;/;0;0;0;0;0;/;0;0;0;0;0;0;/;0;0;0;0;0;/;0;0;0;0;0;0;/;0;0;0;0;0;/;0;0;0;0;0;0;/;0;0;0;0;0;/;0;0;0;0;0;0;/;0;0;0;0;0;/;0;0;0;0;0;0;2;0;0;0;0;0;;0;0;0;0;0;0;6;0;0;0;0;0;;0;0;0;0;0;0;/;0;0;0;0;0;/;0;0;0;0;0;0;/;0;0;0;0;0;/;0;0;0;0;0;0;;0;0;0;0;0;;0;0;0;0;0;0;1;0;0;0;0;0;;0;0;0;0;0;0;;0;0;0;0;0;;0;0;0;0;0;0;6;0;0;0;0;0;;0;0;0;0;0;0;
17;Jackson Tovo;12;31;Jackson;Tovo;USA;Nitro Motorsports;Toyota Gazoo Racing;Am;2;0;0;0;0;0;;0;0;0;0;0;0;4;0;0;0;0;0;;0;0;0;0;0;0;;0;0;0;0;0;;0;0;0;0;0;0;;0;0;0;0;0;;0;0;0;0;0;0;;0;0;0;0;0;;0;0;0;0;0;0;;0;0;0;0;0;;0;0;0;0;0;0;6;0;0;0;0;0;;0;0;0;0;0;0;;0;0;0;0;0;;0;0;0;0;0;0;;0;0;0;0;0;;0;0;0;0;0;0;;0;0;0;0;0;;0;0;0;0;0;0;;0;0;0;0;0;;0;0;0;0;0;0;;0;0;0;0;0;;0;0;0;0;0;0;;0;0;0;0;0;;0;0;0;0;0;0;;0;0;0;0;0;;0;0;0;0;0;0;
18;Massimo Sunseri;11;51;Massimo;Sunseri;USA;BSI Racing;Toyota Gazoo Racing;Am;;0;0;0;0;0;;0;0;0;0;0;0;;0;0;0;0;0;;0;0;0;0;0;0;;0;0;0;0;0;;0;0;0;0;0;0;;0;0;0;0;0;;0;0;0;0;0;0;;0;0;0;0;0;;0;0;0;0;0;0;;0;0;0;0;0;;0;0;0;0;0;0;;0;0;0;0;0;;0;0;0;0;0;0;;0;0;0;0;0;;0;0;0;0;0;0;;0;0;0;0;0;;0;0;0;0;0;0;2;0;0;0;0;0;;0;0;0;0;0;0;;0;0;0;0;0;;0;0;0;0;0;0;;0;0;0;0;0;;0;0;0;0;0;0;1;0;0;0;0;0;;0;0;0;0;0;0;8;0;0;0;0;0;;0;0;0;0;0;0;
19;Casey Mashore;10;50;Casey;Mashore;USA;Mashore Autobody;Toyota Gazoo Racing;Am;;0;0;0;0;0;;0;0;0;0;0;0;10;0;0;0;0;0;;0;0;0;0;0;0;/;0;0;0;0;0;/;0;0;0;0;0;0;/;0;0;0;0;0;/;0;0;0;0;0;0;/;0;0;0;0;0;/;0;0;0;0;0;0;/;0;0;0;0;0;/;0;0;0;0;0;0;/;0;0;0;0;0;/;0;0;0;0;0;0;/;0;0;0;0;0;/;0;0;0;0;0;0;/;0;0;0;0;0;/;0;0;0;0;0;0;/;0;0;0;0;0;/;0;0;0;0;0;0;/;0;0;0;0;0;/;0;0;0;0;0;0;/;0;0;0;0;0;/;0;0;0;0;0;0;/;0;0;0;0;0;/;0;0;0;0;0;0;/;0;0;0;0;0;/;0;0;0;0;0;0;
20;Ayden Kirk;9;47;Ayden;Kirk;USA;TechSport;Toyota Gazoo Racing;Am;;0;0;0;0;0;;0;0;0;0;0;0;8;0;0;0;0;0;;0;0;0;0;0;0;;0;0;0;0;0;;0;0;0;0;0;0;1;0;0;0;0;0;;0;0;0;0;0;0;;0;0;0;0;0;;0;0;0;0;0;0;;0;0;0;0;0;;0;0;0;0;0;0;/;0;0;0;0;0;/;0;0;0;0;0;0;/;0;0;0;0;0;/;0;0;0;0;0;0;/;0;0;0;0;0;/;0;0;0;0;0;0;/;0;0;0;0;0;/;0;0;0;0;0;0;/;0;0;0;0;0;/;0;0;0;0;0;0;/;0;0;0;0;0;/;0;0;0;0;0;0;/;0;0;0;0;0;/;0;0;0;0;0;0;/;0;0;0;0;0;/;0;0;0;0;0;0;
21;Jenson Sofronas;8;41;Jenson;Sofronas;USA;Copeland Motorsports;Toyota Gazoo Racing;Am;;0;0;0;0;0;;0;0;0;0;0;0;;0;0;0;0;0;;0;0;0;0;0;0;4;0;0;0;0;0;;0;0;0;0;0;0;2;0;0;0;0;0;;0;0;0;0;0;0;;0;0;0;0;0;;0;0;0;0;0;0;;0;0;0;0;0;;0;0;0;0;0;0;;0;0;0;0;0;;0;0;0;0;0;0;;0;0;0;0;0;;0;0;0;0;0;0;;0;0;0;0;0;;0;0;0;0;0;0;;0;0;0;0;0;;0;0;0;0;0;0;2;0;0;0;0;0;;0;0;0;0;0;0;;0;0;0;0;0;;0;0;0;0;0;0;/;0;0;0;0;0;/;0;0;0;0;0;0;/;0;0;0;0;0;/;0;0;0;0;0;0;
22;Zach Hollingshead;6;88;Zach;Hollingshead;USA;PT Autosport with Copeland Motorsports;Toyota Gazoo Racing;Am;6;0;0;0;0;0;;0;0;0;0;0;0;;0;0;0;0;0;;0;0;0;0;0;0;;0;0;0;0;0;;0;0;0;0;0;0;;0;0;0;0;0;;0;0;0;0;0;0;;0;0;0;0;0;;0;0;0;0;0;0;;0;0;0;0;0;;0;0;0;0;0;0;/;0;0;0;0;0;/;0;0;0;0;0;0;/;0;0;0;0;0;/;0;0;0;0;0;0;/;0;0;0;0;0;/;0;0;0;0;0;0;/;0;0;0;0;0;/;0;0;0;0;0;0;/;0;0;0;0;0;/;0;0;0;0;0;0;/;0;0;0;0;0;/;0;0;0;0;0;0;/;0;0;0;0;0;/;0;0;0;0;0;0;/;0;0;0;0;0;/;0;0;0;0;0;0;
23;Livio Galanti;6;89;Livio;Galanti;ITA;Eagles Canyon Racing Powered by Fast Track;Toyota Gazoo Racing;Am;1;0;0;0;0;0;;0;0;0;0;0;0;1;0;0;0;0;0;;0;0;0;0;0;0;;0;0;0;0;0;;0;0;0;0;0;0;;0;0;0;0;0;;0;0;0;0;0;0;/;0;0;0;0;0;/;0;0;0;0;0;0;/;0;0;0;0;0;/;0;0;0;0;0;0;;0;0;0;0;0;;0;0;0;0;0;0;;0;0;0;0;0;;0;0;0;0;0;0;;0;0;0;0;0;;0;0;0;0;0;0;;0;0;0;0;0;;0;0;0;0;0;0;/;0;0;0;0;0;/;0;0;0;0;0;0;/;0;0;0;0;0;/;0;0;0;0;0;0;;0;0;0;0;0;;0;0;0;0;0;0;4;0;0;0;0;0;;0;0;0;0;0;0;
24;Beltre Curtis;2;5;Beltre;Curtis;USA;Copeland Motorsports;Toyota Gazoo Racing;Am;;0;0;0;0;0;;0;0;0;0;0;0;;0;0;0;0;0;;0;0;0;0;0;0;;0;0;0;0;0;;0;0;0;0;0;0;;0;0;0;0;0;;0;0;0;0;0;0;;0;0;0;0;0;;0;0;0;0;0;0;;0;0;0;0;0;;0;0;0;0;0;0;;0;0;0;0;0;;0;0;0;0;0;0;2;0;0;0;0;0;;0;0;0;0;0;0;;0;0;0;0;0;;0;0;0;0;0;0;;0;0;0;0;0;;0;0;0;0;0;0;;0;0;0;0;0;;0;0;0;0;0;0;;0;0;0;0;0;;0;0;0;0;0;0;;0;0;0;0;0;;0;0;0;0;0;0;;0;0;0;0;0;;0;0;0;0;0;0;
25;Brett Kowalski;2;15;Brett;Kowalski;USA;TechSport;Toyota Gazoo Racing;Am;;0;0;0;0;0;;0;0;0;0;0;0;;0;0;0;0;0;;0;0;0;0;0;0;;0;0;0;0;0;;0;0;0;0;0;0;;0;0;0;0;0;;0;0;0;0;0;0;2;0;0;0;0;0;;0;0;0;0;0;0;;0;0;0;0;0;;0;0;0;0;0;0;;0;0;0;0;0;;0;0;0;0;0;0;;0;0;0;0;0;;0;0;0;0;0;0;;0;0;0;0;0;;0;0;0;0;0;0;NS;0;0;0;0;0;NS;0;0;0;0;0;0;/;0;0;0;0;0;/;0;0;0;0;0;0;/;0;0;0;0;0;/;0;0;0;0;0;0;/;0;0;0;0;0;/;0;0;0;0;0;0;/;0;0;0;0;0;/;0;0;0;0;0;0;
26;Alex Garcia;2;14;Alex;Garcia;USA;Skip Barber Racing;Toyota Gazoo Racing;Am;;0;0;0;0;0;;0;0;0;0;0;0;2;0;0;0;0;0;;0;0;0;0;0;0;;0;0;0;0;0;;0;0;0;0;0;0;;0;0;0;0;0;;0;0;0;0;0;0;/;0;0;0;0;0;/;0;0;0;0;0;0;/;0;0;0;0;0;/;0;0;0;0;0;0;/;0;0;0;0;0;/;0;0;0;0;0;0;/;0;0;0;0;0;/;0;0;0;0;0;0;/;0;0;0;0;0;/;0;0;0;0;0;0;/;0;0;0;0;0;/;0;0;0;0;0;0;/;0;0;0;0;0;/;0;0;0;0;0;0;/;0;0;0;0;0;/;0;0;0;0;0;0;/;0;0;0;0;0;/;0;0;0;0;0;0;/;0;0;0;0;0;/;0;0;0;0;0;0;
27;Jack Murchison;2;58;Jack;Murchison;;Copeland Motorsports;Toyota Gazoo Racing;Am;/;0;0;0;0;0;/;0;0;0;0;0;0;/;0;0;0;0;0;/;0;0;0;0;0;0;/;0;0;0;0;0;/;0;0;0;0;0;0;/;0;0;0;0;0;/;0;0;0;0;0;0;/;0;0;0;0;0;/;0;0;0;0;0;0;/;0;0;0;0;0;/;0;0;0;0;0;0;/;0;0;0;0;0;/;0;0;0;0;0;0;/;0;0;0;0;0;/;0;0;0;0;0;0;1;0;0;0;0;0;;0;0;0;0;0;0;1;0;0;0;0;0;;0;0;0;0;0;0;/;0;0;0;0;0;/;0;0;0;0;0;0;/;0;0;0;0;0;/;0;0;0;0;0;0;/;0;0;0;0;0;/;0;0;0;0;0;0;/;0;0;0;0;0;/;0;0;0;0;0;0;
28;Patrick Brunson;2;93;Patrick;Brunson;USA;Eagles Canyon Racing Powered by Fast Track;Toyota Gazoo Racing;Am;;0;0;0;0;0;;0;0;0;0;0;0;;0;0;0;0;0;;0;0;0;0;0;0;;0;0;0;0;0;;0;0;0;0;0;0;;0;0;0;0;0;;0;0;0;0;0;0;/;0;0;0;0;0;/;0;0;0;0;0;0;/;0;0;0;0;0;/;0;0;0;0;0;0;;0;0;0;0;0;;0;0;0;0;0;0;;0;0;0;0;0;;0;0;0;0;0;0;/;0;0;0;0;0;/;0;0;0;0;0;0;/;0;0;0;0;0;/;0;0;0;0;0;0;;0;0;0;0;0;;0;0;0;0;0;0;;0;0;0;0;0;;0;0;0;0;0;0;;0;0;0;0;0;;0;0;0;0;0;0;2;0;0;0;0;0;;0;0;0;0;0;0;
29;Karl Forman;0;03;Karl;Forman;USA;Precision Racing LA;Toyota Gazoo Racing;Am;;0;0;0;0;0;;0;0;0;0;0;0;;0;0;0;0;0;;0;0;0;0;0;0;;0;0;0;0;0;;0;0;0;0;0;0;;0;0;0;0;0;;0;0;0;0;0;0;;0;0;0;0;0;;0;0;0;0;0;0;;0;0;0;0;0;;0;0;0;0;0;0;;0;0;0;0;0;;0;0;0;0;0;0;;0;0;0;0;0;;0;0;0;0;0;0;;0;0;0;0;0;;0;0;0;0;0;0;;0;0;0;0;0;;0;0;0;0;0;0;;0;0;0;0;0;;0;0;0;0;0;0;;0;0;0;0;0;;0;0;0;0;0;0;;0;0;0;0;0;;0;0;0;0;0;0;;0;0;0;0;0;;0;0;0;0;0;0;
30;Jason Kos;0;3;Jason;Kos;USA;Eagles Canyon Racing Powered by Fast Track;Toyota Gazoo Racing;Am;;0;0;0;0;0;;0;0;0;0;0;0;;0;0;0;0;0;;0;0;0;0;0;0;;0;0;0;0;0;;0;0;0;0;0;0;;0;0;0;0;0;;0;0;0;0;0;0;/;0;0;0;0;0;/;0;0;0;0;0;0;/;0;0;0;0;0;/;0;0;0;0;0;0;/;0;0;0;0;0;/;0;0;0;0;0;0;/;0;0;0;0;0;/;0;0;0;0;0;0;/;0;0;0;0;0;/;0;0;0;0;0;0;/;0;0;0;0;0;/;0;0;0;0;0;0;/;0;0;0;0;0;/;0;0;0;0;0;0;/;0;0;0;0;0;/;0;0;0;0;0;0;;0;0;0;0;0;;0;0;0;0;0;0;;0;0;0;0;0;;0;0;0;0;0;0;
31;Rutledge Wood;0;18;Rutledge;Wood;USA;Precision Racing LA;Toyota Gazoo Racing;Am;/;0;0;0;0;0;/;0;0;0;0;0;0;/;0;0;0;0;0;/;0;0;0;0;0;0;;0;0;0;0;0;;0;0;0;0;0;0;;0;0;0;0;0;;0;0;0;0;0;0;/;0;0;0;0;0;/;0;0;0;0;0;0;/;0;0;0;0;0;/;0;0;0;0;0;0;/;0;0;0;0;0;/;0;0;0;0;0;0;/;0;0;0;0;0;/;0;0;0;0;0;0;;0;0;0;0;0;;0;0;0;0;0;0;;0;0;0;0;0;;0;0;0;0;0;0;;0;0;0;0;0;;0;0;0;0;0;0;;0;0;0;0;0;;0;0;0;0;0;0;;0;0;0;0;0;;0;0;0;0;0;0;;0;0;0;0;0;;0;0;0;0;0;0;
32;Farran Davis;0;11;Farran;Davis;USA;RVA Graphics Motorsports by Speed Syndicate;Toyota Gazoo Racing;Am;;0;0;0;0;0;;0;0;0;0;0;0;;0;0;0;0;0;;0;0;0;0;0;0;;0;0;0;0;0;;0;0;0;0;0;0;;0;0;0;0;0;;0;0;0;0;0;0;;0;0;0;0;0;;0;0;0;0;0;0;;0;0;0;0;0;;0;0;0;0;0;0;/;0;0;0;0;0;/;0;0;0;0;0;0;/;0;0;0;0;0;/;0;0;0;0;0;0;;0;0;0;0;0;;0;0;0;0;0;0;;0;0;0;0;0;;0;0;0;0;0;0;/;0;0;0;0;0;/;0;0;0;0;0;0;/;0;0;0;0;0;/;0;0;0;0;0;0;;0;0;0;0;0;;0;0;0;0;0;0;;0;0;0;0;0;;0;0;0;0;0;0;
33;Paityn Feyen;0;80;Paityn;Feyen;USA;Nitro Motorsports;Toyota Gazoo Racing;Am;;0;0;0;0;0;;0;0;0;0;0;0;;0;0;0;0;0;;0;0;0;0;0;0;;0;0;0;0;0;;0;0;0;0;0;0;;0;0;0;0;0;;0;0;0;0;0;0;;0;0;0;0;0;;0;0;0;0;0;0;;0;0;0;0;0;;0;0;0;0;0;0;;0;0;0;0;0;;0;0;0;0;0;0;;0;0;0;0;0;;0;0;0;0;0;0;;0;0;0;0;0;;0;0;0;0;0;0;;0;0;0;0;0;;0;0;0;0;0;0;;0;0;0;0;0;;0;0;0;0;0;0;;0;0;0;0;0;;0;0;0;0;0;0;;0;0;0;0;0;;0;0;0;0;0;0;;0;0;0;0;0;;0;0;0;0;0;0;
34;James Klimas;0;61;James;Klimas;USA;Skip Barber Racing;Toyota Gazoo Racing;Am;/;0;0;0;0;0;/;0;0;0;0;0;0;/;0;0;0;0;0;/;0;0;0;0;0;0;/;0;0;0;0;0;/;0;0;0;0;0;0;/;0;0;0;0;0;/;0;0;0;0;0;0;/;0;0;0;0;0;/;0;0;0;0;0;0;/;0;0;0;0;0;/;0;0;0;0;0;0;;0;0;0;0;0;;0;0;0;0;0;0;;0;0;0;0;0;;0;0;0;0;0;0;/;0;0;0;0;0;/;0;0;0;0;0;0;/;0;0;0;0;0;/;0;0;0;0;0;0;/;0;0;0;0;0;/;0;0;0;0;0;0;/;0;0;0;0;0;/;0;0;0;0;0;0;;0;0;0;0;0;;0;0;0;0;0;0;;0;0;0;0;0;;0;0;0;0;0;0;
35;Miles Hewitt;0;17;Miles;Hewitt;USA;van der Steur Racing;Toyota Gazoo Racing;Am;;0;0;0;0;0;;0;0;0;0;0;0;;0;0;0;0;0;;0;0;0;0;0;0;/;0;0;0;0;0;/;0;0;0;0;0;0;/;0;0;0;0;0;/;0;0;0;0;0;0;/;0;0;0;0;0;/;0;0;0;0;0;0;/;0;0;0;0;0;/;0;0;0;0;0;0;/;0;0;0;0;0;/;0;0;0;0;0;0;/;0;0;0;0;0;/;0;0;0;0;0;0;/;0;0;0;0;0;/;0;0;0;0;0;0;/;0;0;0;0;0;/;0;0;0;0;0;0;/;0;0;0;0;0;/;0;0;0;0;0;0;/;0;0;0;0;0;/;0;0;0;0;0;0;/;0;0;0;0;0;/;0;0;0;0;0;0;/;0;0;0;0;0;/;0;0;0;0;0;0;
36;Andrew Gilleland;0;86;Andrew;Gilleland;USA;Eagles Canyon Racing Powered by Fast Track;Toyota Gazoo Racing;Am;/;0;0;0;0;0;/;0;0;0;0;0;0;/;0;0;0;0;0;/;0;0;0;0;0;0;;0;0;0;0;0;;0;0;0;0;0;0;;0;0;0;0;0;;0;0;0;0;0;0;/;0;0;0;0;0;/;0;0;0;0;0;0;/;0;0;0;0;0;/;0;0;0;0;0;0;/;0;0;0;0;0;/;0;0;0;0;0;0;/;0;0;0;0;0;/;0;0;0;0;0;0;;0;0;0;0;0;;0;0;0;0;0;0;;0;0;0;0;0;;0;0;0;0;0;0;/;0;0;0;0;0;/;0;0;0;0;0;0;/;0;0;0;0;0;/;0;0;0;0;0;0;;0;0;0;0;0;;0;0;0;0;0;0;;0;0;0;0;0;;0;0;0;0;0;0;
37;Tom Rudnai;0;8;Tom;Rudnai;USA;Eagles Canyon Racing Powered by Fast Track;Toyota Gazoo Racing;Am;/;0;0;0;0;0;/;0;0;0;0;0;0;/;0;0;0;0;0;/;0;0;0;0;0;0;;0;0;0;0;0;;0;0;0;0;0;0;;0;0;0;0;0;;0;0;0;0;0;0;/;0;0;0;0;0;/;0;0;0;0;0;0;/;0;0;0;0;0;/;0;0;0;0;0;0;/;0;0;0;0;0;/;0;0;0;0;0;0;/;0;0;0;0;0;/;0;0;0;0;0;0;;0;0;0;0;0;;0;0;0;0;0;0;;0;0;0;0;0;;0;0;0;0;0;0;/;0;0;0;0;0;/;0;0;0;0;0;0;/;0;0;0;0;0;/;0;0;0;0;0;0;;0;0;0;0;0;;0;0;0;0;0;0;;0;0;0;0;0;;0;0;0;0;0;0;
38;John Lennon;0;12;John;Lennon;USA;BSI Racing;Toyota Gazoo Racing;Am;;0;0;0;0;0;;0;0;0;0;0;0;;0;0;0;0;0;;0;0;0;0;0;0;/;0;0;0;0;0;/;0;0;0;0;0;0;/;0;0;0;0;0;/;0;0;0;0;0;0;/;0;0;0;0;0;/;0;0;0;0;0;0;/;0;0;0;0;0;/;0;0;0;0;0;0;;0;0;0;0;0;;0;0;0;0;0;0;;0;0;0;0;0;;0;0;0;0;0;0;;0;0;0;0;0;;0;0;0;0;0;0;;0;0;0;0;0;;0;0;0;0;0;0;/;0;0;0;0;0;/;0;0;0;0;0;0;/;0;0;0;0;0;/;0;0;0;0;0;0;/;0;0;0;0;0;/;0;0;0;0;0;0;/;0;0;0;0;0;/;0;0;0;0;0;0;
39;Shea Holbrook;0;67;Shea;Holbrook;USA;BSI Racing;Toyota Gazoo Racing;Am;;0;0;0;0;0;;0;0;0;0;0;0;;0;0;0;0;0;;0;0;0;0;0;0;/;0;0;0;0;0;/;0;0;0;0;0;0;/;0;0;0;0;0;/;0;0;0;0;0;0;/;0;0;0;0;0;/;0;0;0;0;0;0;/;0;0;0;0;0;/;0;0;0;0;0;0;/;0;0;0;0;0;/;0;0;0;0;0;0;/;0;0;0;0;0;/;0;0;0;0;0;0;/;0;0;0;0;0;/;0;0;0;0;0;0;/;0;0;0;0;0;/;0;0;0;0;0;0;/;0;0;0;0;0;/;0;0;0;0;0;0;/;0;0;0;0;0;/;0;0;0;0;0;0;/;0;0;0;0;0;/;0;0;0;0;0;0;/;0;0;0;0;0;/;0;0;0;0;0;0;
40;Mike Lamarra;0;73;Mike;Lamarra;USA;Precision Racing LA;Toyota Gazoo Racing;Am;;0;0;0;0;0;;0;0;0;0;0;0;;0;0;0;0;0;;0;0;0;0;0;0;;0;0;0;0;0;;0;0;0;0;0;0;;0;0;0;0;0;;0;0;0;0;0;0;/;0;0;0;0;0;/;0;0;0;0;0;0;/;0;0;0;0;0;/;0;0;0;0;0;0;/;0;0;0;0;0;/;0;0;0;0;0;0;/;0;0;0;0;0;/;0;0;0;0;0;0;/;0;0;0;0;0;/;0;0;0;0;0;0;/;0;0;0;0;0;/;0;0;0;0;0;0;/;0;0;0;0;0;/;0;0;0;0;0;0;/;0;0;0;0;0;/;0;0;0;0;0;0;/;0;0;0;0;0;/;0;0;0;0;0;0;/;0;0;0;0;0;/;0;0;0;0;0;0;
41;Jeff Curry;0;57;Jeff;Curry;USA;Eagles Canyon Racing Powered by Fast Track;Toyota Gazoo Racing;Am;/;0;0;0;0;0;/;0;0;0;0;0;0;/;0;0;0;0;0;/;0;0;0;0;0;0;;0;0;0;0;0;;0;0;0;0;0;0;;0;0;0;0;0;;0;0;0;0;0;0;/;0;0;0;0;0;/;0;0;0;0;0;0;/;0;0;0;0;0;/;0;0;0;0;0;0;/;0;0;0;0;0;/;0;0;0;0;0;0;/;0;0;0;0;0;/;0;0;0;0;0;0;;0;0;0;0;0;;0;0;0;0;0;0;;0;0;0;0;0;;0;0;0;0;0;0;/;0;0;0;0;0;/;0;0;0;0;0;0;/;0;0;0;0;0;/;0;0;0;0;0;0;;0;0;0;0;0;;0;0;0;0;0;0;;0;0;0;0;0;;0;0;0;0;0;0;
